Game,Human-Human,Human-Random
Alien,6371.3,128.3
Asteroids,36517.3,871.3
Berzerk,2237.5,196.1
Bowling,146.5,35.2
Defender,14296,1965.5
Gravitar,3116,245.5
Krull,2109.1,1151.9
Montezuma's Revenge,4182,25
Ms. Pacman,15375,197.8
Phoenix,6686,1134.4
Pit Fall,5998.9,-348.8
Private Eye**,64169.1,662.8
Skiing,-3686.6,-15287.4
Solaris**,11032.6,2047.2
Surround,5.4,-9.7
Yars Revenge,47135.2,1476.9