Game,Noop-Human,Noop-Random
Alien,6875,227.8
Asteroids,13157,719.1
Berzerk,2630.4,123.7
Bowling,154.8,23.1
Defender,18688.9,2874.5
Gravitar,2672,173
Krull,2395,1598
Montezuma's Revenge,4367,0
Ms. Pacman,15693,307.3
Phoenix,7242.6,761.4
Pit Fall,6463.7,-229.4
Private Eye**,69571,24.9
Skiing,-4336.9,-170981.1
Solaris**,12326.7,1236.3
Surround,6.5,-10
Yars Revenge,54576.9,3092.9